priceID,coinID,timestamp,high,low,volume,price
8866,1321,2024-11-17 07:13:00,27.23,27.17,955.67,27.17
8870,32195,2024-11-17 07:13:00,0.00,0.00,502396.00,0.00
8874,29835,2024-11-17 07:13:00,2.43,2.43,3372.33,2.43
8878,1720,2024-11-17 07:13:00,0.16,0.16,7259.00,0.16
8882,5805,2024-11-17 07:13:00,36.45,36.36,2712.07,36.44
8886,1027,2024-11-17 07:13:00,3125.99,3124.82,181.06,3125.44
8890,30746,2024-11-17 07:13:00,0.32,0.32,2724.10,0.32
8894,512,2024-11-17 07:13:00,0.20,0.20,1061212.00,0.20
8898,5994,2024-11-17 07:13:00,0.00,0.00,1801660834.00,0.00
8902,1,2024-11-17 07:13:00,90446.43,90440.62,9.15,90443.58
8906,26998,2024-11-17 07:13:00,0.67,0.67,2233.70,0.67
8910,8425,2024-11-17 07:13:00,0.02,0.02,262047.00,0.02
8914,26997,2024-11-17 07:13:00,3.71,3.71,3793.47,3.71
8918,33566,2024-11-17 07:13:00,0.63,0.62,213856.50,0.62
8922,2130,2024-11-17 07:13:00,0.18,0.18,24038.40,0.18
8926,28324,2024-11-17 07:13:00,1.33,1.33,4487.35,1.33
8930,29210,2024-11-17 07:13:00,1.27,1.26,87702.10,1.27
8934,4279,2024-11-17 07:13:00,0.35,0.35,2333.00,0.35
8938,5964,2024-11-17 07:13:00,0.98,0.98,662.00,0.98
8942,6538,2024-11-17 07:13:00,0.33,0.33,25613.20,0.33
8946,30171,2024-11-17 07:13:00,0.59,0.59,242084.02,0.59
8950,7226,2024-11-17 07:13:00,26.61,26.51,3272.28,26.60
8954,6210,2024-11-17 07:13:00,0.37,0.37,121541.00,0.37
8958,26081,2024-11-17 07:13:00,1.00,1.00,196423.00,1.00
8962,6636,2024-11-17 07:13:00,5.73,5.72,8070.91,5.73
8966,7083,2024-11-17 07:13:00,9.06,9.05,1141.63,9.06
8970,7288,2024-11-17 07:13:00,7.88,7.88,12.25,7.88
8974,7653,2024-11-17 07:13:00,0.08,0.08,43308.60,0.08
8978,4846,2024-11-17 07:13:00,0.43,0.43,555.10,0.43
8982,7978,2024-11-17 07:13:00,0.23,0.23,304083.90,0.23
8986,6836,2024-11-17 07:13:00,0.21,0.21,117440.80,0.21
8989,4847,2024-11-17 07:13:00,1.95,1.94,1112.40,1.94
8992,5488,2024-11-17 07:13:00,0.03,0.03,0.00,0.03
8995,2563,2024-11-17 07:13:00,1.00,1.00,4325.00,1.00
8998,1816,2024-11-17 07:13:00,0.13,0.13,67.00,0.13
9001,4157,2024-11-17 07:13:00,5.70,5.70,1477.30,5.70
9004,5864,2024-11-17 07:13:00,6379.00,6379.00,0.00,6379.00
9007,1896,2024-11-17 07:13:00,0.39,0.39,59.00,0.39
9010,2577,2024-11-17 07:13:00,0.02,0.02,1166.90,0.02
9013,6945,2024-11-17 07:13:00,0.01,0.00,4065884.00,0.00
9016,2777,2024-11-17 07:13:00,0.04,0.04,35100.00,0.04
9019,21794,2024-11-17 07:13:00,12.41,12.39,2986.06,12.40
9022,10529,2024-11-17 07:13:00,0.02,0.02,52062.00,0.02
9025,3978,2024-11-17 07:13:00,0.20,0.20,14773.00,0.20
9028,24091,2024-11-17 07:13:00,0.15,0.15,19305.80,0.15
9031,10603,2024-11-17 07:13:00,1.35,1.35,3591.84,1.35
9034,8104,2024-11-17 07:13:00,0.31,0.31,1199.30,0.31
9037,6953,2024-11-17 07:13:00,2.29,2.29,26.30,2.29
9040,28932,2024-11-17 07:13:00,1.64,1.64,532.80,1.64
9043,2469,2024-11-17 07:13:00,0.02,0.02,135096.80,0.02
9046,4558,2024-11-17 07:13:00,0.67,0.67,43.21,0.67
9049,1637,2024-11-17 07:13:00,1.80,1.80,26.70,1.80
9052,8119,2024-11-17 07:13:00,0.66,0.66,324.00,0.66
9055,2299,2024-11-17 07:13:00,0.39,0.39,37.50,0.39
9058,25114,2024-11-17 07:13:00,0.36,0.36,21456.60,0.36
9061,4066,2024-11-17 07:13:00,0.07,0.07,12030.00,0.07
9064,6783,2024-11-17 07:13:00,5.78,5.76,340.39,5.78
9067,2132,2024-11-17 07:13:00,0.24,0.24,48.00,0.24
9070,17751,2024-11-17 07:13:00,0.03,0.03,1076.50,0.03
9073,1455,2024-11-17 07:13:00,0.35,0.35,1644.20,0.35
9076,3783,2024-11-17 07:13:00,0.03,0.03,2055.00,0.03
9079,1958,2024-11-17 07:13:00,0.20,0.20,199182.00,0.20
9082,7737,2024-11-17 07:13:00,1.78,1.78,2749.50,1.78
9085,3029,2024-11-17 07:13:00,0.58,0.58,457.07,0.58
9088,11840,2024-11-17 07:13:00,1.76,1.76,3684.25,1.76
9091,12999,2024-11-17 07:13:00,19.41,19.41,0.86,19.41
9094,1214,2024-11-17 07:13:00,0.98,0.98,0.00,0.98
9097,32120,2024-11-17 07:13:00,0.03,0.03,38590.00,0.03
9100,7455,2024-11-17 07:13:00,0.14,0.14,7407.80,0.14
9103,23121,2024-11-17 07:13:00,0.26,0.26,2937.70,0.26
9106,1720,2024-11-17 07:17:00,0.16,0.16,837.00,0.16
9109,7737,2024-11-17 07:17:00,1.77,1.77,125.24,1.77
9112,30746,2024-11-17 07:17:00,0.32,0.32,919.60,0.32
9115,13502,2024-11-17 07:17:00,2.33,2.33,939.80,2.33
9118,29835,2024-11-17 07:17:00,2.42,2.42,90.07,2.42
9121,5964,2024-11-17 07:17:00,0.98,0.98,122.00,0.98
9124,4030,2024-11-17 07:17:00,0.19,0.19,122.00,0.19
9127,8119,2024-11-17 07:17:00,0.66,0.66,486.00,0.66
9130,6719,2024-11-17 07:17:00,0.20,0.20,14255.00,0.20
9132,4642,2024-11-17 07:17:00,0.09,0.09,192308.00,0.09
9134,28752,2024-11-17 07:17:00,3.82,3.81,5044.37,3.82
9136,1958,2024-11-17 07:17:00,0.20,0.20,2506.50,0.20
9138,5426,2024-11-17 07:17:00,237.04,236.94,1115.72,237.00
9140,6892,2024-11-17 07:17:00,31.21,31.20,4.47,31.20
9142,14806,2024-11-17 07:17:00,0.06,0.06,21643.20,0.06
9144,28321,2024-11-17 07:17:00,0.42,0.42,27782.50,0.42
9146,9481,2024-11-17 07:17:00,5.42,5.42,256.80,5.42
9148,4847,2024-11-17 07:17:00,1.94,1.94,106.20,1.94
9150,7186,2024-11-17 07:17:00,1.95,1.95,6375.56,1.95
9152,24478,2024-11-17 07:17:00,0.00,0.00,1097524915.00,0.00
9154,27565,2024-11-17 07:17:00,2.16,2.16,1623.00,2.16
9156,26680,2024-11-17 07:17:00,0.44,0.44,1601.30,0.44
9158,9903,2024-11-17 07:17:00,2.05,2.03,10314.41,2.05
9160,5805,2024-11-17 07:17:00,36.35,36.33,93.31,36.35
9162,12885,2024-11-17 07:17:00,0.06,0.06,629999.30,0.06
9164,3822,2024-11-17 07:17:00,0.07,0.07,4403.00,0.07
9166,29814,2024-11-17 07:17:00,1.62,1.62,5967.00,1.62
9168,8916,2024-11-17 07:17:00,9.86,9.85,896.18,9.85
9170,11419,2024-11-17 07:17:00,5.63,5.62,6234.47,5.63
9172,4172,2024-11-17 07:17:00,0.00,0.00,19828988.08,0.00
9174,9640,2024-11-17 07:17:00,47.80,47.73,65.84,47.73
9176,1759,2024-11-17 07:17:00,0.03,0.03,85467.00,0.03
9178,1321,2024-11-17 07:17:00,27.16,27.16,93.96,27.16
9180,28177,2024-11-17 07:17:00,0.43,0.43,1764.50,0.43
9182,6536,2024-11-17 07:17:00,3.34,3.33,8696.00,3.34
9184,29210,2024-11-17 07:17:00,1.26,1.26,388.80,1.26
9186,6535,2024-11-17 07:17:00,6.00,6.00,4558.40,6.00
9188,5617,2024-11-17 07:17:00,2.54,2.54,308.20,2.54
9190,2280,2024-11-17 07:17:00,4.58,4.58,3045.98,4.58
9192,7129,2024-11-17 07:17:00,0.02,0.02,72891.00,0.02
9194,28683,2024-11-17 07:17:00,0.00,0.00,12569262.00,0.00
9196,2010,2024-11-17 07:17:00,0.72,0.72,18340.80,0.72
9198,32195,2024-11-17 07:17:00,0.00,0.00,37728.00,0.00
9200,3029,2024-11-17 07:17:00,0.58,0.58,310.36,0.58
9202,10688,2024-11-17 07:17:00,0.53,0.53,111.30,0.53
8867,2011,2024-11-17 07:13:00,0.83,0.83,2406.80,0.83
8871,5034,2024-11-17 07:13:00,21.89,21.86,12.50,21.86
8875,131,2024-11-17 07:13:00,29.33,29.25,276.15,29.29
8879,27565,2024-11-17 07:13:00,2.22,2.21,19040.30,2.22
8883,3794,2024-11-17 07:13:00,6.12,6.11,4555.51,6.12
8887,33788,2024-11-17 07:13:00,1.60,1.59,134638.10,1.60
8891,6958,2024-11-17 07:13:00,0.02,0.02,15326.00,0.02
8895,52,2024-11-17 07:13:00,1.09,1.08,1717853.00,1.09
8899,6536,2024-11-17 07:13:00,3.37,3.34,29285.00,3.35
8903,24911,2024-11-17 07:13:00,0.01,0.01,541280.00,0.01
8907,7186,2024-11-17 07:13:00,1.95,1.95,1497.17,1.95
8911,3640,2024-11-17 07:13:00,11.20,11.20,48.30,11.20
8915,28321,2024-11-17 07:13:00,0.42,0.42,433794.40,0.42
8919,8646,2024-11-17 07:13:00,0.68,0.68,40534.20,0.68
8923,7501,2024-11-17 07:13:00,0.25,0.25,13318.20,0.25
8927,30372,2024-11-17 07:13:00,2.03,2.03,1474.90,2.03
8931,7334,2024-11-17 07:13:00,0.16,0.16,90515.00,0.16
8935,8290,2024-11-17 07:13:00,1.36,1.36,275.00,1.36
8939,1765,2024-11-17 07:13:00,0.65,0.65,19492.00,0.65
8943,5690,2024-11-17 07:13:00,7.12,7.10,5465.65,7.12
8947,29814,2024-11-17 07:13:00,1.63,1.63,907.30,1.63
8951,7080,2024-11-17 07:13:00,0.03,0.03,138032.00,0.03
8955,1518,2024-11-17 07:13:00,1513.00,1510.00,6.53,1511.00
8959,109,2024-11-17 07:13:00,0.01,0.01,25278.70,0.01
8963,8916,2024-11-17 07:13:00,9.91,9.87,9313.49,9.88
8967,2300,2024-11-17 07:13:00,0.04,0.04,540.00,0.04
8971,24613,2024-11-17 07:13:00,0.53,0.53,1320.00,0.53
8975,22974,2024-11-17 07:13:00,513.20,512.60,10.44,513.10
8979,22691,2024-11-17 07:13:00,0.47,0.47,9527.26,0.47
8983,4195,2024-11-17 07:13:00,1.94,1.93,6719.87,1.93
8987,26680,2024-11-17 07:13:00,0.45,0.45,7235.80,0.45
8990,3773,2024-11-17 07:13:00,1.31,1.31,1884.60,1.31
8993,9481,2024-11-17 07:13:00,5.43,5.43,965.40,5.43
8996,32880,2024-11-17 07:13:00,0.14,0.14,2074.80,0.14
8999,5617,2024-11-17 07:13:00,2.55,2.55,1131.40,2.55
9002,1659,2024-11-17 07:13:00,258.20,258.00,0.07,258.20
9005,23635,2024-11-17 07:13:00,0.55,0.55,1881.70,0.55
9008,17799,2024-11-17 07:13:00,0.77,0.77,7284.13,0.77
9011,2682,2024-11-17 07:13:00,0.00,0.00,253983.00,0.00
9014,12147,2024-11-17 07:13:00,0.57,0.57,860.60,0.57
9017,28933,2024-11-17 07:13:00,0.24,0.24,8371.10,0.24
9020,2930,2024-11-17 07:13:00,0.01,0.01,2913.00,0.01
9023,4943,2024-11-17 07:13:00,1.00,1.00,465.10,1.00
9026,14101,2024-11-17 07:13:00,4.67,4.67,0.00,4.67
9029,1785,2024-11-17 07:13:00,5.02,5.01,478.50,5.01
9032,1697,2024-11-17 07:13:00,0.21,0.21,1208.00,0.21
9035,9308,2024-11-17 07:13:00,2.89,2.89,5.42,2.89
9038,30494,2024-11-17 07:13:00,2.47,2.47,2703.43,2.47
9041,5647,2024-11-17 07:13:00,0.67,0.67,391.89,0.67
9044,1698,2024-11-17 07:13:00,9.52,9.52,10.00,9.52
9047,1684,2024-11-17 07:13:00,3.07,3.07,1082.60,3.07
9050,2416,2024-11-17 07:13:00,1.52,1.52,719.30,1.52
9053,2694,2024-11-17 07:13:00,1.24,1.24,136.31,1.24
9056,32966,2024-11-17 07:13:00,0.44,0.43,2685.80,0.43
9059,4679,2024-11-17 07:13:00,1.35,1.35,55.10,1.35
9062,5567,2024-11-17 07:13:00,0.66,0.66,1293.50,0.66
9065,10903,2024-11-17 07:13:00,0.15,0.15,424.40,0.15
9068,4030,2024-11-17 07:13:00,0.19,0.19,83762.00,0.19
9071,1437,2024-11-17 07:13:00,44.79,44.62,428.93,44.79
9074,8536,2024-11-17 07:13:00,2.92,2.92,1584.90,2.92
9077,7326,2024-11-17 07:13:00,9.18,9.18,1.87,9.18
9080,1759,2024-11-17 07:13:00,0.04,0.04,2257.00,0.04
9083,1934,2024-11-17 07:13:00,0.17,0.17,10556.00,0.17
9086,3077,2024-11-17 07:13:00,0.03,0.03,40962.30,0.03
9089,30168,2024-11-17 07:13:00,0.05,0.05,3342.00,0.05
9092,29676,2024-11-17 07:13:00,0.37,0.37,821.54,0.37
9095,14806,2024-11-17 07:13:00,0.06,0.06,307320.50,0.06
9098,1966,2024-11-17 07:13:00,0.41,0.41,38018.00,0.41
9101,29555,2024-11-17 07:13:00,0.34,0.34,10120.90,0.34
9104,6836,2024-11-17 07:17:00,0.22,0.21,33814.00,0.21
9107,10804,2024-11-17 07:17:00,0.00,0.00,206286265.00,0.00
9110,26997,2024-11-17 07:17:00,3.70,3.70,25.35,3.70
9113,8646,2024-11-17 07:17:00,0.68,0.68,147.60,0.68
9116,29073,2024-11-17 07:17:00,0.11,0.11,717.00,0.11
9119,131,2024-11-17 07:17:00,29.28,29.28,10.42,29.28
9122,2099,2024-11-17 07:17:00,0.16,0.16,3121.00,0.16
9125,1816,2024-11-17 07:17:00,0.13,0.13,125.00,0.13
9128,8526,2024-11-17 07:17:00,5.79,5.79,6333.80,5.79
9131,1027,2024-11-17 07:17:00,3123.54,3122.98,45.11,3123.54
9133,11841,2024-11-17 07:17:00,0.70,0.70,48599.10,0.70
9135,29870,2024-11-17 07:17:00,0.01,0.01,1175387.00,0.01
9137,12999,2024-11-17 07:17:00,19.39,19.39,14.61,19.39
9139,6636,2024-11-17 07:17:00,5.70,5.69,2350.64,5.70
9141,6538,2024-11-17 07:17:00,0.33,0.33,859.30,0.33
9143,30372,2024-11-17 07:17:00,2.02,2.02,674.80,2.02
9145,33788,2024-11-17 07:17:00,1.60,1.60,48498.50,1.60
9147,20947,2024-11-17 07:17:00,3.65,3.65,1864.30,3.65
9149,7226,2024-11-17 07:17:00,26.47,26.45,19.77,26.47
9151,32521,2024-11-17 07:17:00,0.00,0.00,7669625.00,0.00
9153,23095,2024-11-17 07:17:00,0.00,0.00,743041494.00,0.00
9155,26081,2024-11-17 07:17:00,1.00,1.00,23825.00,1.00
9157,17751,2024-11-17 07:17:00,0.03,0.03,13295.00,0.03
9159,28850,2024-11-17 07:17:00,0.01,0.01,81226.00,0.01
9161,33566,2024-11-17 07:17:00,0.62,0.62,19524.20,0.62
9163,5994,2024-11-17 07:17:00,0.00,0.00,106739749.00,0.00
9165,12220,2024-11-17 07:17:00,0.51,0.51,162.55,0.51
9167,1831,2024-11-17 07:17:00,448.80,448.60,2.58,448.80
9169,4558,2024-11-17 07:17:00,0.67,0.67,754.20,0.67
9171,20314,2024-11-17 07:17:00,0.46,0.45,59355.71,0.45
9173,2,2024-11-17 07:17:00,90.78,90.69,44.98,90.78
9175,28846,2024-11-17 07:17:00,0.49,0.49,411.70,0.49
9177,3513,2024-11-17 07:17:00,0.76,0.76,1398.00,0.76
9179,1975,2024-11-17 07:17:00,14.37,14.36,21.93,14.36
9181,1,2024-11-17 07:17:00,90411.77,90406.75,0.58,90411.77
9183,52,2024-11-17 07:17:00,1.08,1.08,71522.00,1.08
9185,28541,2024-11-17 07:17:00,2.94,2.93,23.20,2.93
9187,32778,2024-11-17 07:17:00,0.36,0.36,264165.00,0.36
9189,6210,2024-11-17 07:17:00,0.37,0.37,17989.00,0.37
9191,21794,2024-11-17 07:17:00,12.34,12.33,272.86,12.34
9193,24911,2024-11-17 07:17:00,0.01,0.01,277904.00,0.01
9195,28301,2024-11-17 07:17:00,0.01,0.01,398255.00,0.01
9197,30171,2024-11-17 07:17:00,0.59,0.59,35.83,0.59
9199,3794,2024-11-17 07:17:00,6.12,6.11,327.59,6.12
9201,3012,2024-11-17 07:17:00,0.00,0.00,766535.00,0.00
8868,6535,2024-11-17 07:13:00,5.99,5.98,38525.50,5.99
8872,32698,2024-11-17 07:13:00,0.00,0.00,9014173.00,0.00
8876,29870,2024-11-17 07:13:00,0.01,0.01,50347543.00,0.01
8880,10804,2024-11-17 07:13:00,0.00,0.00,413519304.00,0.00
8884,1839,2024-11-17 07:13:00,637.20,636.39,353.22,636.70
8888,32521,2024-11-17 07:13:00,0.00,0.00,42341940.00,0.00
8892,3513,2024-11-17 07:13:00,0.76,0.76,23584.00,0.76
8896,20314,2024-11-17 07:13:00,0.46,0.45,61489.05,0.46
8900,23095,2024-11-17 07:13:00,0.00,0.00,4068075285.00,0.00
8904,10791,2024-11-17 07:13:00,0.00,0.00,19838896.00,0.00
8908,1975,2024-11-17 07:13:00,14.39,14.37,261.67,14.39
8912,28850,2024-11-17 07:13:00,0.01,0.01,706434.00,0.01
8916,21846,2024-11-17 07:13:00,0.45,0.45,1764.00,0.45
8920,6892,2024-11-17 07:13:00,31.32,31.29,82.97,31.32
8924,3964,2024-11-17 07:13:00,0.01,0.01,182046.30,0.01
8928,29335,2024-11-17 07:13:00,0.21,0.21,2511.20,0.21
8932,32778,2024-11-17 07:13:00,0.36,0.36,2220806.00,0.36
8936,29587,2024-11-17 07:13:00,0.26,0.26,19460.80,0.26
8940,2405,2024-11-17 07:13:00,0.01,0.01,597014.00,0.01
8944,3701,2024-11-17 07:13:00,0.11,0.11,6544.00,0.11
8948,22861,2024-11-17 07:13:00,5.29,5.28,5714.34,5.28
8952,20947,2024-11-17 07:13:00,3.66,3.65,16749.40,3.65
8956,28301,2024-11-17 07:13:00,0.01,0.01,1234135.00,0.01
8960,4948,2024-11-17 07:13:00,0.01,0.01,32716.00,0.01
8964,8037,2024-11-17 07:13:00,0.10,0.10,1070.00,0.10
8968,1772,2024-11-17 07:13:00,0.50,0.50,4720.00,0.50
8972,33031,2024-11-17 07:13:00,0.00,0.00,2546809.00,0.00
8976,28541,2024-11-17 07:13:00,2.94,2.93,5159.40,2.93
8980,6758,2024-11-17 07:13:00,0.79,0.79,1256.10,0.79
8628,28752,2024-11-17 07:12:00,3.84,3.83,18807.40,3.84
8629,6210,2024-11-17 07:12:00,0.38,0.37,467695.00,0.37
8630,32966,2024-11-17 07:12:00,0.44,0.44,94.90,0.44
8631,26998,2024-11-17 07:12:00,0.67,0.67,6042.00,0.67
8632,5444,2024-11-17 07:12:00,0.15,0.15,19430.00,0.15
8633,20947,2024-11-17 07:12:00,3.65,3.65,9086.50,3.65
8634,3408,2024-11-17 07:12:00,1.00,1.00,86315.00,1.00
8635,9481,2024-11-17 07:12:00,5.44,5.43,2083.70,5.43
8636,24478,2024-11-17 07:12:00,0.00,0.00,10450285500.00,0.00
8637,5426,2024-11-17 07:12:00,237.63,237.48,2002.07,237.49
8638,6636,2024-11-17 07:12:00,5.71,5.71,2607.64,5.71
8639,7978,2024-11-17 07:12:00,0.23,0.23,97302.20,0.23
8640,1027,2024-11-17 07:12:00,3127.33,3126.00,86.69,3126.00
8641,30746,2024-11-17 07:12:00,0.32,0.32,5144.90,0.32
8642,2,2024-11-17 07:12:00,90.75,90.68,100.64,90.68
8643,20314,2024-11-17 07:12:00,0.46,0.46,45103.12,0.46
8644,5994,2024-11-17 07:12:00,0.00,0.00,1190450549.00,0.00
8645,28683,2024-11-17 07:12:00,0.00,0.00,58352077.00,0.00
8646,8526,2024-11-17 07:12:00,5.85,5.83,4365.00,5.85
8647,6836,2024-11-17 07:12:00,0.21,0.21,10270.70,0.21
8648,2586,2024-11-17 07:12:00,1.67,1.67,343.40,1.67
8649,8000,2024-11-17 07:12:00,1.21,1.21,15828.09,1.21
8650,2405,2024-11-17 07:12:00,0.01,0.01,403234.00,0.01
8651,25028,2024-11-17 07:12:00,38.99,38.94,162.09,38.94
8652,6538,2024-11-17 07:12:00,0.33,0.33,45248.20,0.33
8653,4172,2024-11-17 07:12:00,0.00,0.00,34100105.37,0.00
8654,2777,2024-11-17 07:12:00,0.04,0.04,76638.00,0.04
8655,32195,2024-11-17 07:12:00,0.00,0.00,163290.00,0.00
8656,14806,2024-11-17 07:12:00,0.06,0.06,191500.70,0.06
8657,4847,2024-11-17 07:12:00,1.95,1.94,3143.40,1.95
8658,8104,2024-11-17 07:12:00,0.31,0.31,3247.10,0.31
8659,17799,2024-11-17 07:12:00,0.77,0.77,904.50,0.77
8660,3794,2024-11-17 07:12:00,6.12,6.12,4585.68,6.12
8661,26680,2024-11-17 07:12:00,0.45,0.45,6236.20,0.45
8662,28301,2024-11-17 07:12:00,0.01,0.01,401769.00,0.01
8663,2010,2024-11-17 07:12:00,0.73,0.73,226692.30,0.73
8664,2943,2024-11-17 07:12:00,10.14,10.13,20.25,10.13
8665,1958,2024-11-17 07:12:00,0.20,0.20,47931.70,0.20
8666,3773,2024-11-17 07:12:00,1.31,1.31,18690.20,1.31
8667,5034,2024-11-17 07:12:00,21.89,21.88,5.23,21.88
8668,27565,2024-11-17 07:12:00,2.22,2.22,2403.70,2.22
8669,13502,2024-11-17 07:12:00,2.33,2.33,1437.90,2.33
8670,33788,2024-11-17 07:12:00,1.60,1.59,92160.40,1.59
8671,33566,2024-11-17 07:12:00,0.62,0.62,42613.80,0.62
8672,29555,2024-11-17 07:12:00,0.34,0.34,2751.50,0.34
8673,6783,2024-11-17 07:12:00,5.77,5.77,298.01,5.77
8674,1321,2024-11-17 07:12:00,27.25,27.21,2994.49,27.22
8675,6953,2024-11-17 07:12:00,2.29,2.29,42.70,2.29
8676,28177,2024-11-17 07:12:00,0.44,0.43,33210.40,0.43
8677,10804,2024-11-17 07:12:00,0.00,0.00,345662127.00,0.00
8678,2280,2024-11-17 07:12:00,4.61,4.60,980.53,4.61
8679,52,2024-11-17 07:12:00,1.09,1.09,1699052.00,1.09
8680,23149,2024-11-17 07:12:00,0.52,0.52,54343.20,0.52
8681,13631,2024-11-17 07:12:00,0.83,0.83,1315.70,0.83
8682,6536,2024-11-17 07:12:00,3.37,3.36,7807.00,3.36
8683,5617,2024-11-17 07:12:00,2.55,2.55,634.40,2.55
8684,7083,2024-11-17 07:12:00,9.06,9.05,292.32,9.05
8685,33031,2024-11-17 07:12:00,0.00,0.00,405311.00,0.00
8686,1975,2024-11-17 07:12:00,14.40,14.38,179.89,14.38
8687,4944,2024-11-17 07:12:00,70.87,70.77,32.44,70.77
8688,28850,2024-11-17 07:12:00,0.01,0.01,823448.00,0.01
8689,21846,2024-11-17 07:12:00,0.45,0.45,6919.00,0.45
8690,1966,2024-11-17 07:12:00,0.41,0.41,48587.00,0.41
8691,18876,2024-11-17 07:12:00,1.13,1.13,8679.27,1.13
8692,2130,2024-11-17 07:12:00,0.18,0.18,36271.80,0.18
8693,7334,2024-11-17 07:12:00,0.16,0.16,26907.00,0.16
8694,32778,2024-11-17 07:12:00,0.36,0.36,699587.00,0.36
8695,11568,2024-11-17 07:12:00,1.40,1.40,1239.00,1.40
8696,11841,2024-11-17 07:12:00,0.70,0.70,32355.10,0.70
8697,3822,2024-11-17 07:12:00,0.07,0.07,75540.00,0.07
8698,24091,2024-11-17 07:12:00,0.15,0.15,15868.60,0.15
8699,8916,2024-11-17 07:12:00,9.98,9.94,3512.30,9.94
8700,22691,2024-11-17 07:12:00,0.47,0.47,5518.90,0.47
8701,29870,2024-11-17 07:12:00,0.01,0.01,4921239.00,0.01
8702,28324,2024-11-17 07:12:00,1.33,1.33,676.93,1.33
8703,1839,2024-11-17 07:12:00,636.00,634.90,133.58,635.98
8704,11840,2024-11-17 07:12:00,1.77,1.76,2504.67,1.76
8705,5728,2024-11-17 07:12:00,2.25,2.25,132.65,2.25
8706,512,2024-11-17 07:12:00,0.20,0.20,93738.00,0.20
8707,2577,2024-11-17 07:12:00,0.02,0.02,91032.40,0.02
8708,5805,2024-11-17 07:12:00,36.38,36.33,1537.12,36.33
8709,32521,2024-11-17 07:12:00,0.00,0.00,25911255.00,0.00
8710,10529,2024-11-17 07:12:00,0.02,0.02,24235.00,0.02
8711,10791,2024-11-17 07:12:00,0.00,0.00,9848979.00,0.00
8712,29210,2024-11-17 07:12:00,1.27,1.26,22397.50,1.26
8713,8646,2024-11-17 07:12:00,0.68,0.68,1620.10,0.68
8984,12885,2024-11-17 07:13:00,0.06,0.06,7987.30,0.06
8714,12220,2024-11-17 07:12:00,0.52,0.52,1538.91,0.52
8715,6719,2024-11-17 07:12:00,0.20,0.20,4953.00,0.20
8716,6535,2024-11-17 07:12:00,5.97,5.96,12448.40,5.97
8717,12999,2024-11-17 07:12:00,19.44,19.41,121.40,19.41
8718,26081,2024-11-17 07:12:00,1.00,1.00,93170.00,1.00
8719,2682,2024-11-17 07:12:00,0.00,0.00,231551.00,0.00
8720,28933,2024-11-17 07:12:00,0.24,0.24,3524.10,0.24
8721,28846,2024-11-17 07:12:00,0.49,0.49,1385.50,0.49
8722,1,2024-11-17 07:12:00,90441.01,90416.00,7.07,90440.62
8723,30168,2024-11-17 07:12:00,0.05,0.05,28243.00,0.05
8724,7080,2024-11-17 07:12:00,0.03,0.03,138096.00,0.03
8725,29587,2024-11-17 07:12:00,0.26,0.26,1295.10,0.26
8726,1659,2024-11-17 07:12:00,258.30,257.80,1.97,258.30
8727,28932,2024-11-17 07:12:00,1.64,1.64,154.10,1.64
8728,4066,2024-11-17 07:12:00,0.07,0.07,7593.00,0.07
8729,29676,2024-11-17 07:12:00,0.37,0.37,3630.82,0.37
8730,23095,2024-11-17 07:12:00,0.00,0.00,2023791818.00,0.00
8731,4642,2024-11-17 07:12:00,0.09,0.09,134314.00,0.09
8732,28321,2024-11-17 07:12:00,0.42,0.42,11798.30,0.42
8733,12885,2024-11-17 07:12:00,0.06,0.06,61005.70,0.06
8734,29335,2024-11-17 07:12:00,0.21,0.21,6501.70,0.21
8735,10688,2024-11-17 07:12:00,0.54,0.54,928.30,0.54
8736,5690,2024-11-17 07:12:00,7.10,7.09,146.25,7.09
8737,30171,2024-11-17 07:12:00,0.59,0.59,28727.20,0.59
8738,7278,2024-11-17 07:12:00,168.58,168.38,41.86,168.38
8739,21794,2024-11-17 07:12:00,12.42,12.40,593.35,12.40
8740,3992,2024-11-17 07:12:00,0.10,0.10,2578.00,0.10
8741,7653,2024-11-17 07:12:00,0.08,0.08,23615.70,0.08
8742,8536,2024-11-17 07:12:00,2.92,2.92,215.50,2.92
8743,1567,2024-11-17 07:12:00,0.92,0.92,9.25,0.92
8744,4030,2024-11-17 07:12:00,0.19,0.19,47376.00,0.19
8745,32698,2024-11-17 07:12:00,0.00,0.00,8003766.00,0.00
8746,26997,2024-11-17 07:12:00,3.71,3.71,229.07,3.71
8747,7429,2024-11-17 07:12:00,1.12,1.12,356.60,1.12
8748,9040,2024-11-17 07:12:00,0.46,0.46,1416.50,0.46
8749,1455,2024-11-17 07:12:00,0.36,0.35,1178.90,0.35
8750,18069,2024-11-17 07:12:00,0.16,0.16,8171.70,0.16
8751,6945,2024-11-17 07:12:00,0.01,0.01,6532705.00,0.01
8752,22861,2024-11-17 07:12:00,5.29,5.28,1485.49,5.28
8753,109,2024-11-17 07:12:00,0.01,0.01,17875.80,0.01
8754,3814,2024-11-17 07:12:00,0.01,0.01,1977.60,0.01
8755,7226,2024-11-17 07:12:00,26.49,26.41,3272.52,26.47
8756,1896,2024-11-17 07:12:00,0.39,0.39,424.00,0.39
8757,29073,2024-11-17 07:12:00,0.12,0.12,1381.00,0.12
8758,4195,2024-11-17 07:12:00,1.94,1.93,1093.00,1.93
8759,22974,2024-11-17 07:12:00,512.60,512.20,8.67,512.30
8760,5632,2024-11-17 07:12:00,18.36,18.35,78.87,18.35
8761,2416,2024-11-17 07:12:00,1.52,1.52,3919.00,1.52
8762,11857,2024-11-17 07:12:00,28.03,28.00,24.29,28.00
8763,1518,2024-11-17 07:12:00,1513.00,1512.00,19.30,1512.00
8764,30372,2024-11-17 07:12:00,2.03,2.03,466.50,2.03
8765,10903,2024-11-17 07:12:00,0.15,0.15,113.20,0.15
8766,28541,2024-11-17 07:12:00,2.93,2.93,727.70,2.93
8767,3640,2024-11-17 07:12:00,11.22,11.20,32.40,11.20
8768,8719,2024-11-17 07:12:00,42.53,42.45,103.55,42.47
8769,1637,2024-11-17 07:12:00,1.81,1.80,60.80,1.80
8770,6892,2024-11-17 07:12:00,31.33,31.29,52.41,31.29
8771,4157,2024-11-17 07:12:00,5.71,5.70,2231.80,5.70
8772,1772,2024-11-17 07:12:00,0.50,0.50,1583.00,0.50
8773,3978,2024-11-17 07:12:00,0.20,0.20,3075.00,0.20
8774,5647,2024-11-17 07:12:00,0.67,0.67,3188.27,0.67
8775,3701,2024-11-17 07:12:00,0.11,0.11,19831.00,0.11
8776,7186,2024-11-17 07:12:00,1.95,1.95,728.44,1.95
8777,3077,2024-11-17 07:12:00,0.03,0.03,110199.80,0.03
8778,1831,2024-11-17 07:12:00,449.40,449.10,12.05,449.10
8779,9903,2024-11-17 07:12:00,2.06,2.06,716.69,2.06
8780,3964,2024-11-17 07:12:00,0.01,0.01,1870151.70,0.01
8781,8425,2024-11-17 07:12:00,0.02,0.02,112542.00,0.02
8782,2566,2024-11-17 07:12:00,0.22,0.22,8116.00,0.22
8783,1934,2024-11-17 07:12:00,0.17,0.17,19084.00,0.17
8784,2011,2024-11-17 07:12:00,0.83,0.83,2167.90,0.83
8785,7455,2024-11-17 07:12:00,0.14,0.14,15584.50,0.14
8786,13855,2024-11-17 07:12:00,18.23,18.20,11.44,18.20
8787,3513,2024-11-17 07:12:00,0.76,0.76,10056.00,0.76
8788,8290,2024-11-17 07:12:00,1.36,1.36,54.00,1.36
8789,11419,2024-11-17 07:12:00,5.64,5.64,1283.97,5.64
8790,1720,2024-11-17 07:12:00,0.16,0.16,27249.00,0.16
8791,5864,2024-11-17 07:12:00,6383.00,6383.00,0.10,6383.00
8792,6958,2024-11-17 07:12:00,0.02,0.02,26083.00,0.02
8793,23635,2024-11-17 07:12:00,0.55,0.55,5899.70,0.55
8794,7501,2024-11-17 07:12:00,0.25,0.25,10726.70,0.25
8795,5824,2024-11-17 07:12:00,0.00,0.00,1752855.00,0.00
8796,1214,2024-11-17 07:12:00,0.98,0.98,174.70,0.98
8797,5567,2024-11-17 07:12:00,0.66,0.66,1912.10,0.66
8798,1765,2024-11-17 07:12:00,0.65,0.65,1440.70,0.65
8799,4279,2024-11-17 07:12:00,0.35,0.35,1667.70,0.35
8800,1816,2024-11-17 07:12:00,0.13,0.13,18224.00,0.13
8801,3029,2024-11-17 07:12:00,0.58,0.58,2785.71,0.58
8802,11289,2024-11-17 07:12:00,0.00,0.00,745198.00,0.00
8803,30494,2024-11-17 07:12:00,2.48,2.47,28963.67,2.47
8804,10603,2024-11-17 07:12:00,1.35,1.35,2890.99,1.35
8805,9308,2024-11-17 07:12:00,2.89,2.89,58.23,2.89
8806,29814,2024-11-17 07:12:00,1.63,1.63,6218.00,1.63
8807,5691,2024-11-17 07:12:00,0.04,0.04,152913.00,0.04
8808,4846,2024-11-17 07:12:00,0.43,0.43,202.80,0.43
8809,32880,2024-11-17 07:12:00,0.14,0.14,9651.50,0.14
8810,4943,2024-11-17 07:12:00,1.00,1.00,22.30,1.00
8811,9640,2024-11-17 07:12:00,48.24,48.08,152.30,48.08
8812,14101,2024-11-17 07:12:00,4.67,4.66,384.00,4.67
8813,5964,2024-11-17 07:12:00,0.98,0.98,356.00,0.98
8814,3155,2024-11-17 07:12:00,83.80,83.50,53.85,83.50
8815,25114,2024-11-17 07:12:00,0.36,0.36,1297.60,0.36
8816,1437,2024-11-17 07:12:00,44.67,44.62,61.45,44.62
8817,6758,2024-11-17 07:12:00,0.79,0.79,483.80,0.79
8818,3945,2024-11-17 07:12:00,0.01,0.01,22913.20,0.01
8819,23121,2024-11-17 07:12:00,0.26,0.26,12916.00,0.26
8820,1759,2024-11-17 07:12:00,0.04,0.04,5760.00,0.04
8821,24911,2024-11-17 07:12:00,0.01,0.01,270215.00,0.01
8822,2099,2024-11-17 07:12:00,0.16,0.16,1187.80,0.16
8823,5692,2024-11-17 07:12:00,52.96,52.91,19.20,52.91
8824,131,2024-11-17 07:12:00,29.28,29.28,11.92,29.28
8825,20362,2024-11-17 07:12:00,0.29,0.29,2902.90,0.29
8826,24613,2024-11-17 07:12:00,0.53,0.53,48.00,0.53
8827,7288,2024-11-17 07:12:00,7.88,7.87,98.80,7.87
8828,29835,2024-11-17 07:12:00,2.43,2.43,1384.83,2.43
8829,2469,2024-11-17 07:12:00,0.02,0.02,56204.70,0.02
8830,7129,2024-11-17 07:12:00,0.02,0.02,40898.00,0.02
8831,7737,2024-11-17 07:12:00,1.78,1.78,524.43,1.78
8832,4558,2024-11-17 07:12:00,0.67,0.67,45.81,0.67
8833,1586,2024-11-17 07:12:00,0.62,0.62,744.00,0.62
8834,1042,2024-11-17 07:12:00,0.01,0.01,7360.00,0.01
8835,2563,2024-11-17 07:12:00,1.00,1.00,33.00,1.00
8836,2694,2024-11-17 07:12:00,1.24,1.24,27.95,1.24
8837,4705,2024-11-17 07:12:00,2566.00,2565.00,0.01,2566.00
8838,3012,2024-11-17 07:12:00,0.00,0.00,12580.00,0.00
8839,9543,2024-11-17 07:12:00,0.29,0.29,2340.00,0.29
8840,3217,2024-11-17 07:12:00,0.34,0.34,600.00,0.34
8841,1168,2024-11-17 07:12:00,13.73,13.72,2.66,13.73
8842,4948,2024-11-17 07:12:00,0.01,0.01,98432.00,0.01
8843,1785,2024-11-17 07:12:00,5.02,5.02,124.50,5.02
8844,28066,2024-11-17 07:12:00,58.24,58.16,76.53,58.16
8845,8119,2024-11-17 07:12:00,0.67,0.66,7648.00,0.66
8846,2930,2024-11-17 07:12:00,0.01,0.01,2668246.00,0.01
8847,8037,2024-11-17 07:12:00,0.10,0.10,7038.00,0.10
8848,1697,2024-11-17 07:12:00,0.21,0.21,1170.00,0.21
8849,3330,2024-11-17 07:12:00,1.00,1.00,213.00,1.00
8850,5370,2024-11-17 07:12:00,0.24,0.24,833.00,0.24
8851,2299,2024-11-17 07:12:00,0.39,0.39,34.20,0.39
8852,7326,2024-11-17 07:12:00,9.19,9.18,5.06,9.18
8853,5488,2024-11-17 07:12:00,0.03,0.03,907.60,0.03
8854,1376,2024-11-17 07:12:00,12.51,12.49,88.05,12.49
8855,12147,2024-11-17 07:12:00,0.57,0.57,0.00,0.57
8856,11396,2024-11-17 07:12:00,0.40,0.40,34.04,0.40
8857,1698,2024-11-17 07:12:00,9.53,9.53,20.00,9.53
8858,2300,2024-11-17 07:12:00,0.04,0.04,361.00,0.04
8859,1684,2024-11-17 07:12:00,3.07,3.07,131.60,3.07
8860,4679,2024-11-17 07:12:00,1.35,1.35,0.00,1.35
8861,1732,2024-11-17 07:12:00,16.49,16.47,15.31,16.47
8862,2132,2024-11-17 07:12:00,0.24,0.24,0.00,0.24
8863,17751,2024-11-17 07:12:00,0.03,0.03,239.40,0.03
8864,3783,2024-11-17 07:12:00,0.03,0.03,34842.20,0.03
8865,32120,2024-11-17 07:12:00,0.03,0.03,825.00,0.03
8869,3012,2024-11-17 07:13:00,0.00,0.00,363635.00,0.00
8873,23149,2024-11-17 07:13:00,0.52,0.52,31267.90,0.52
8877,13631,2024-11-17 07:13:00,0.83,0.83,3446.20,0.83
8881,3155,2024-11-17 07:13:00,83.70,83.60,34.21,83.70
8885,5426,2024-11-17 07:13:00,237.77,237.45,6289.25,237.55
8889,3814,2024-11-17 07:13:00,0.01,0.01,1792.00,0.01
8893,12220,2024-11-17 07:13:00,0.52,0.51,6860.30,0.51
8897,2280,2024-11-17 07:13:00,4.61,4.59,37625.14,4.60
8901,29073,2024-11-17 07:13:00,0.12,0.12,6073.00,0.12
8905,11419,2024-11-17 07:13:00,5.64,5.63,5403.12,5.64
8909,4944,2024-11-17 07:13:00,70.81,70.72,327.50,70.78
8913,11289,2024-11-17 07:13:00,0.00,0.00,5203797.00,0.00
8917,1376,2024-11-17 07:13:00,12.51,12.51,307.39,12.51
8921,18876,2024-11-17 07:13:00,1.13,1.13,10751.74,1.13
8925,28683,2024-11-17 07:13:00,0.00,0.00,13699878.00,0.00
8929,13502,2024-11-17 07:13:00,2.33,2.33,18137.90,2.33
8933,11841,2024-11-17 07:13:00,0.70,0.70,24083.20,0.70
8937,28177,2024-11-17 07:13:00,0.43,0.43,22788.90,0.43
8941,25028,2024-11-17 07:13:00,38.96,38.91,276.13,38.95
8945,4172,2024-11-17 07:13:00,0.00,0.00,8868449.00,0.00
8949,28752,2024-11-17 07:13:00,3.85,3.84,48338.72,3.84
8953,8526,2024-11-17 07:13:00,5.88,5.85,11983.70,5.86
8957,3408,2024-11-17 07:13:00,1.00,1.00,338968.00,1.00
8961,13855,2024-11-17 07:13:00,18.23,18.21,645.53,18.22
8965,1567,2024-11-17 07:13:00,0.92,0.91,76.30,0.91
8969,3822,2024-11-17 07:13:00,0.07,0.07,15283.00,0.07
8973,2,2024-11-17 07:13:00,91.03,90.67,746.46,90.93
8977,2010,2024-11-17 07:13:00,0.73,0.72,169886.70,0.73
8981,28846,2024-11-17 07:13:00,0.49,0.49,94152.50,0.49
8985,24478,2024-11-17 07:13:00,0.00,0.00,9236964176.00,0.00
8988,9640,2024-11-17 07:13:00,48.15,47.95,68.35,47.95
8991,1732,2024-11-17 07:13:00,16.48,16.47,0.76,16.48
8994,2943,2024-11-17 07:13:00,10.13,10.13,4.68,10.13
8997,8719,2024-11-17 07:13:00,42.55,42.47,110.99,42.53
9000,5728,2024-11-17 07:13:00,2.25,2.25,10.05,2.25
9003,7129,2024-11-17 07:13:00,0.02,0.02,95136.00,0.02
9006,2566,2024-11-17 07:13:00,0.23,0.22,114783.00,0.22
9009,7429,2024-11-17 07:13:00,1.12,1.12,331.70,1.12
9012,1042,2024-11-17 07:13:00,0.01,0.01,101155.00,0.01
9015,5632,2024-11-17 07:13:00,18.38,18.33,1999.15,18.38
9018,6719,2024-11-17 07:13:00,0.20,0.20,10467.00,0.20
9021,1586,2024-11-17 07:13:00,0.62,0.62,21.00,0.62
9024,11396,2024-11-17 07:13:00,0.40,0.40,2072.59,0.40
9027,5370,2024-11-17 07:13:00,0.24,0.24,10440.00,0.24
9030,1168,2024-11-17 07:13:00,13.73,13.72,1.21,13.73
9033,1831,2024-11-17 07:13:00,450.10,449.50,42.74,450.10
9036,3330,2024-11-17 07:13:00,1.00,1.00,250.00,1.00
9039,4642,2024-11-17 07:13:00,0.09,0.09,231768.00,0.09
9042,4705,2024-11-17 07:13:00,2567.00,2565.00,1.60,2566.00
9045,7278,2024-11-17 07:13:00,168.50,168.24,101.25,168.37
9048,3217,2024-11-17 07:13:00,0.34,0.34,232.00,0.34
9051,3945,2024-11-17 07:13:00,0.01,0.01,15924.10,0.01
9054,5692,2024-11-17 07:13:00,52.93,52.90,13.19,52.92
9057,10688,2024-11-17 07:13:00,0.54,0.54,12634.10,0.54
9060,20362,2024-11-17 07:13:00,0.29,0.29,36831.30,0.29
9063,11568,2024-11-17 07:13:00,1.40,1.40,198.60,1.40
9066,11857,2024-11-17 07:13:00,28.02,28.01,1.96,28.01
9069,8000,2024-11-17 07:13:00,1.21,1.21,673.51,1.21
9072,5824,2024-11-17 07:13:00,0.00,0.00,431790.00,0.00
9075,2099,2024-11-17 07:13:00,0.16,0.16,725.20,0.16
9078,2586,2024-11-17 07:13:00,1.67,1.67,11.90,1.67
9081,5444,2024-11-17 07:13:00,0.15,0.15,2730.00,0.15
9084,9040,2024-11-17 07:13:00,0.46,0.46,0.00,0.46
9087,3992,2024-11-17 07:13:00,0.10,0.10,1990.00,0.10
9090,28066,2024-11-17 07:13:00,58.20,58.16,1.37,58.16
9093,9543,2024-11-17 07:13:00,0.29,0.29,2485.79,0.29
9096,5691,2024-11-17 07:13:00,0.04,0.04,57573.00,0.04
9099,9903,2024-11-17 07:13:00,2.06,2.06,48.13,2.06
9102,18069,2024-11-17 07:13:00,0.16,0.16,5258.50,0.16
9105,28932,2024-11-17 07:17:00,1.64,1.64,56.80,1.64
9108,8104,2024-11-17 07:17:00,0.31,0.31,32.60,0.31
9111,8037,2024-11-17 07:17:00,0.10,0.10,763.00,0.10
9114,28324,2024-11-17 07:17:00,1.32,1.32,4.76,1.32
9117,3408,2024-11-17 07:17:00,1.00,1.00,110994.00,1.00
9120,6953,2024-11-17 07:17:00,2.29,2.29,2.70,2.29
9123,109,2024-11-17 07:17:00,0.01,0.01,10774.30,0.01
9126,512,2024-11-17 07:17:00,0.20,0.20,29203.00,0.20
9129,1839,2024-11-17 07:17:00,639.90,638.50,693.66,639.51
9203,3077,2024-11-17 07:17:00,0.03,0.03,331.50,0.03
9204,8000,2024-11-17 07:17:00,1.21,1.21,16.98,1.21
9205,23149,2024-11-17 07:17:00,0.52,0.52,5338.60,0.52
9206,22691,2024-11-17 07:17:00,0.47,0.47,8127.72,0.47
9207,24091,2024-11-17 07:17:00,0.15,0.15,152.00,0.15
9208,7501,2024-11-17 07:17:00,0.25,0.25,1585.60,0.25
9209,9040,2024-11-17 07:17:00,0.46,0.46,181.30,0.46
9210,4948,2024-11-17 07:17:00,0.01,0.01,5649.00,0.01
9211,7083,2024-11-17 07:17:00,9.02,9.02,103.50,9.02
9212,7278,2024-11-17 07:17:00,168.38,168.32,11.08,168.37
9213,2682,2024-11-17 07:17:00,0.00,0.00,2935.00,0.00
9214,32880,2024-11-17 07:17:00,0.14,0.14,303.00,0.14
9215,3773,2024-11-17 07:17:00,1.31,1.31,125.80,1.31
9216,7978,2024-11-17 07:17:00,0.23,0.23,6921.70,0.23
9217,13855,2024-11-17 07:17:00,18.16,18.16,19.98,18.16
9218,25028,2024-11-17 07:17:00,38.84,38.82,4.43,38.84
9219,22861,2024-11-17 07:17:00,5.28,5.27,1208.20,5.28
9220,11840,2024-11-17 07:17:00,1.76,1.76,722.86,1.76
9221,6945,2024-11-17 07:17:00,0.01,0.01,303226.00,0.01
9222,1455,2024-11-17 07:17:00,0.35,0.35,71.40,0.35
9223,3701,2024-11-17 07:17:00,0.11,0.11,3091.00,0.11
9224,5691,2024-11-17 07:17:00,0.04,0.04,5143.00,0.04
9225,2566,2024-11-17 07:17:00,0.22,0.22,1000.00,0.22
9226,1966,2024-11-17 07:17:00,0.41,0.41,1758.00,0.41
9227,7080,2024-11-17 07:17:00,0.03,0.03,2941.00,0.03
9228,1684,2024-11-17 07:17:00,3.06,3.06,1.80,3.06
9229,4944,2024-11-17 07:17:00,70.61,70.59,1.37,70.59
9230,2130,2024-11-17 07:17:00,0.18,0.18,2098.00,0.18
9231,2405,2024-11-17 07:17:00,0.01,0.01,31344.00,0.01
9232,1697,2024-11-17 07:17:00,0.21,0.21,1000.00,0.21
9233,5647,2024-11-17 07:17:00,0.66,0.66,354.72,0.66
9234,2943,2024-11-17 07:17:00,10.09,10.09,55.98,10.09
9235,2011,2024-11-17 07:17:00,0.83,0.83,873.10,0.83
9236,11289,2024-11-17 07:17:00,0.00,0.00,699010.00,0.00
9237,22974,2024-11-17 07:17:00,512.50,512.40,0.31,512.50
9238,29676,2024-11-17 07:17:00,0.37,0.37,1760.00,0.37
9239,8536,2024-11-17 07:17:00,2.91,2.91,397.90,2.91
9240,5824,2024-11-17 07:17:00,0.00,0.00,184319.00,0.00
9241,28933,2024-11-17 07:17:00,0.24,0.24,121.60,0.24
9242,1732,2024-11-17 07:17:00,16.41,16.39,13.87,16.39
9243,3217,2024-11-17 07:17:00,0.34,0.34,16.00,0.34
9244,1772,2024-11-17 07:17:00,0.50,0.50,88.00,0.50
9245,2299,2024-11-17 07:17:00,0.39,0.39,30.10,0.39
9246,29555,2024-11-17 07:17:00,0.34,0.34,18.80,0.34
9247,3155,2024-11-17 07:17:00,83.50,83.50,4.80,83.50
9248,33031,2024-11-17 07:17:00,0.00,0.00,737.00,0.00
9249,5632,2024-11-17 07:17:00,18.29,18.28,90.04,18.29
9250,1698,2024-11-17 07:17:00,9.49,9.49,20.00,9.49
9251,7455,2024-11-17 07:17:00,0.14,0.14,3210.60,0.14
9252,3964,2024-11-17 07:17:00,0.01,0.01,37663.60,0.01
9253,25114,2024-11-17 07:17:00,0.36,0.36,2774.50,0.36
9254,7326,2024-11-17 07:17:00,9.17,9.17,9.23,9.17
9255,5864,2024-11-17 07:17:00,6367.00,6365.00,0.50,6365.00
9256,2416,2024-11-17 07:17:00,1.52,1.52,3041.40,1.52
9257,18069,2024-11-17 07:17:00,0.16,0.16,13589.90,0.16
9258,4705,2024-11-17 07:17:00,2567.00,2567.00,0.00,2567.00
9259,10603,2024-11-17 07:17:00,1.35,1.35,947.48,1.35
9260,30168,2024-11-17 07:17:00,0.05,0.05,6620.00,0.05
9261,29335,2024-11-17 07:17:00,0.21,0.21,140.70,0.21
9262,11396,2024-11-17 07:17:00,0.40,0.40,274.19,0.40
9263,9308,2024-11-17 07:17:00,2.89,2.88,19.47,2.89
9264,8290,2024-11-17 07:17:00,1.36,1.36,50.00,1.36
9265,5567,2024-11-17 07:17:00,0.66,0.66,361.10,0.66
9266,5034,2024-11-17 07:17:00,21.82,21.82,0.56,21.82
9267,18876,2024-11-17 07:17:00,1.12,1.12,4101.91,1.12
9268,6783,2024-11-17 07:17:00,5.76,5.76,32.18,5.76
9269,3978,2024-11-17 07:17:00,0.20,0.20,607.00,0.20
9270,5692,2024-11-17 07:17:00,52.79,52.78,5.03,52.79
9271,23635,2024-11-17 07:17:00,0.55,0.55,783.70,0.55
9272,32698,2024-11-17 07:17:00,0.00,0.00,499629.00,0.00
9273,4157,2024-11-17 07:17:00,5.70,5.70,136.70,5.70
9274,3992,2024-11-17 07:17:00,0.10,0.10,1140.00,0.10
9275,5728,2024-11-17 07:17:00,2.24,2.24,8.06,2.24
9276,4679,2024-11-17 07:17:00,1.35,1.35,13.30,1.35
9277,3783,2024-11-17 07:17:00,0.03,0.03,10327.00,0.03
9278,7653,2024-11-17 07:17:00,0.08,0.08,1501.30,0.08
9279,1042,2024-11-17 07:17:00,0.01,0.01,9998.00,0.01
9280,3945,2024-11-17 07:17:00,0.01,0.01,12765.70,0.01
9281,2694,2024-11-17 07:17:00,1.24,1.24,12.11,1.24
9282,12147,2024-11-17 07:17:00,0.57,0.57,19.00,0.57
9283,13631,2024-11-17 07:17:00,0.83,0.83,248.50,0.83
9284,5370,2024-11-17 07:17:00,0.24,0.24,83.00,0.24
9285,5444,2024-11-17 07:17:00,0.15,0.15,142.00,0.15
9286,30494,2024-11-17 07:17:00,2.47,2.47,2.60,2.47
9287,2777,2024-11-17 07:17:00,0.04,0.04,161343.00,0.04
9288,1896,2024-11-17 07:17:00,0.39,0.39,32.00,0.39
9289,2132,2024-11-17 07:17:00,0.24,0.24,813.00,0.24
9290,2577,2024-11-17 07:17:00,0.02,0.02,12000.00,0.02
9291,23121,2024-11-17 07:17:00,0.26,0.26,391.50,0.26
9292,1765,2024-11-17 07:17:00,0.65,0.65,850.20,0.65
9293,8719,2024-11-17 07:17:00,42.46,42.46,0.25,42.46
9294,7334,2024-11-17 07:17:00,0.16,0.16,3392.00,0.16
9295,10791,2024-11-17 07:17:00,0.00,0.00,339019.00,0.00
9296,24613,2024-11-17 07:17:00,0.53,0.53,102.00,0.53
9297,5488,2024-11-17 07:17:00,0.03,0.03,437.50,0.03
9298,29587,2024-11-17 07:17:00,0.25,0.25,7094.60,0.25
9299,2469,2024-11-17 07:17:00,0.02,0.02,33685.90,0.02
9300,4195,2024-11-17 07:17:00,1.93,1.93,6.81,1.93
9301,1168,2024-11-17 07:17:00,13.72,13.71,6.78,13.71
9302,6758,2024-11-17 07:17:00,0.78,0.78,8.00,0.78
9303,1637,2024-11-17 07:17:00,1.80,1.80,71.90,1.80
9304,8425,2024-11-17 07:17:00,0.02,0.02,17166.40,0.02
9305,3330,2024-11-17 07:17:00,1.00,1.00,252.00,1.00
9306,1437,2024-11-17 07:17:00,44.74,44.72,0.29,44.72
9307,32966,2024-11-17 07:17:00,0.43,0.43,25.70,0.43
9308,2930,2024-11-17 07:17:00,0.01,0.01,457438.00,0.01
9309,1376,2024-11-17 07:17:00,12.47,12.47,7.26,12.47
9310,1567,2024-11-17 07:17:00,0.91,0.91,119.71,0.91
9311,5690,2024-11-17 07:17:00,7.09,7.09,236.65,7.09
9312,2586,2024-11-17 07:17:00,1.67,1.67,178.50,1.67
9313,2563,2024-11-17 07:17:00,1.00,1.00,38.00,1.00
9314,17799,2024-11-17 07:17:00,0.76,0.76,271.42,0.76
9315,2300,2024-11-17 07:17:00,0.04,0.04,34434.00,0.04
9316,4846,2024-11-17 07:17:00,0.43,0.43,241.70,0.43
9317,9543,2024-11-17 07:17:00,0.29,0.29,2233.27,0.29
9318,20362,2024-11-17 07:17:00,0.29,0.29,2288.10,0.29
9319,1934,2024-11-17 07:17:00,0.17,0.17,13399.00,0.17
9320,11568,2024-11-17 07:17:00,1.40,1.40,357.20,1.40
9321,28066,2024-11-17 07:17:00,58.16,58.12,0.21,58.16
9322,4066,2024-11-17 07:17:00,0.07,0.07,314.00,0.07
9323,10529,2024-11-17 07:17:00,0.02,0.02,994.00,0.02
9324,11857,2024-11-17 07:17:00,27.96,27.95,0.60,27.96
9325,4943,2024-11-17 07:17:00,1.00,1.00,118.90,1.00
9326,1214,2024-11-17 07:17:00,0.98,0.98,10.80,0.98
9327,6958,2024-11-17 07:17:00,0.02,0.02,47095.00,0.02
9328,1659,2024-11-17 07:17:00,257.80,257.80,0.05,257.80
9329,21846,2024-11-17 07:17:00,0.45,0.45,310.00,0.45
9330,1785,2024-11-17 07:17:00,5.00,5.00,40.00,5.00
9331,1518,2024-11-17 07:17:00,1511.00,1511.00,0.13,1511.00
9332,26998,2024-11-17 07:17:00,0.67,0.67,30.00,0.67
9333,4279,2024-11-17 07:17:00,0.35,0.35,41.50,0.35
9334,7288,2024-11-17 07:17:00,7.88,7.88,10.29,7.88
9335,7429,2024-11-17 07:17:00,1.12,1.12,5.60,1.12
9336,1586,2024-11-17 07:17:00,0.62,0.62,101.00,0.62
9337,14101,2024-11-17 07:17:00,4.66,4.66,258.00,4.66
9338,3814,2024-11-17 07:17:00,0.01,0.01,427.90,0.01
9339,3640,2024-11-17 07:17:00,11.19,11.19,1.14,11.19
9340,32120,2024-11-17 07:17:00,0.03,0.03,1390.00,0.03
9341,10903,2024-11-17 07:17:00,0.15,0.15,0.00,0.15
9342,32521,2024-11-17 07:18:00,0.00,0.00,30189073.00,0.00
9343,1437,2024-11-17 07:18:00,44.94,44.85,202.34,44.85
9344,24911,2024-11-17 07:18:00,0.01,0.01,3844692.00,0.01
9345,32778,2024-11-17 07:18:00,0.36,0.36,1100094.00,0.36
9346,33788,2024-11-17 07:18:00,1.60,1.60,124026.90,1.60
9347,5488,2024-11-17 07:18:00,0.03,0.03,419.80,0.03
9348,9481,2024-11-17 07:18:00,5.43,5.42,1782.60,5.42
9349,2943,2024-11-17 07:18:00,10.11,10.10,2.44,10.11
9350,2563,2024-11-17 07:18:00,1.00,1.00,73.00,1.00
9351,32880,2024-11-17 07:18:00,0.14,0.14,1142.50,0.14
9352,6636,2024-11-17 07:18:00,5.71,5.70,9593.01,5.70
9353,3408,2024-11-17 07:18:00,1.00,1.00,301194.00,1.00
9354,26997,2024-11-17 07:18:00,3.70,3.70,1020.39,3.70
9355,12885,2024-11-17 07:18:00,0.06,0.06,70393.10,0.06
9356,8719,2024-11-17 07:18:00,42.50,42.44,14.79,42.44
9357,26081,2024-11-17 07:18:00,1.00,1.00,2313047.00,1.00
9358,22691,2024-11-17 07:18:00,0.47,0.47,4805.53,0.47
9359,2010,2024-11-17 07:18:00,0.73,0.72,1565436.90,0.72
9360,5994,2024-11-17 07:18:00,0.00,0.00,3047765446.00,0.00
9361,1376,2024-11-17 07:18:00,12.49,12.47,67.14,12.48
9362,3640,2024-11-17 07:18:00,11.19,11.18,33.72,11.18
9363,1816,2024-11-17 07:18:00,0.13,0.13,8314.00,0.13
9364,5617,2024-11-17 07:18:00,2.54,2.54,1484.50,2.54
9365,1765,2024-11-17 07:18:00,0.65,0.65,3385.00,0.65
9366,5728,2024-11-17 07:18:00,2.24,2.24,8.77,2.24
9367,11289,2024-11-17 07:18:00,0.00,0.00,1608414.00,0.00
9368,4944,2024-11-17 07:18:00,70.61,70.51,41.34,70.51
9369,4157,2024-11-17 07:18:00,5.70,5.69,6118.20,5.69
9370,8526,2024-11-17 07:18:00,5.80,5.79,10253.00,5.79
9371,1659,2024-11-17 07:18:00,257.50,257.50,0.16,257.50
9372,7129,2024-11-17 07:18:00,0.02,0.02,255030.00,0.02
9373,1321,2024-11-17 07:18:00,27.28,27.21,3200.87,27.26
9374,5864,2024-11-17 07:18:00,6372.00,6368.00,0.02,6368.00
9375,7186,2024-11-17 07:18:00,1.97,1.95,29362.97,1.96
9376,23635,2024-11-17 07:18:00,0.55,0.55,2618.30,0.55
9377,4172,2024-11-17 07:18:00,0.00,0.00,240423723.54,0.00
9378,8646,2024-11-17 07:18:00,0.68,0.68,5634.60,0.68
9379,3773,2024-11-17 07:18:00,1.31,1.31,8436.20,1.31
9380,3794,2024-11-17 07:18:00,6.12,6.11,4884.88,6.11
9381,2566,2024-11-17 07:18:00,0.22,0.22,5170.00,0.22
9382,6535,2024-11-17 07:18:00,6.01,6.00,18373.60,6.01
9383,13631,2024-11-17 07:18:00,0.83,0.83,1874.60,0.83
9384,1839,2024-11-17 07:18:00,640.89,638.83,1729.13,639.49
9385,1896,2024-11-17 07:18:00,0.39,0.39,532.00,0.39
9386,17799,2024-11-17 07:18:00,0.77,0.76,52780.37,0.76
9387,7429,2024-11-17 07:18:00,1.12,1.12,597.00,1.12
9388,8037,2024-11-17 07:18:00,0.10,0.10,16690.00,0.10
9389,2,2024-11-17 07:18:00,91.11,90.82,857.06,90.86
9390,2577,2024-11-17 07:18:00,0.02,0.02,192245.20,0.02
9391,5034,2024-11-17 07:18:00,21.85,21.81,95.44,21.81
9392,2682,2024-11-17 07:18:00,0.00,0.00,661291.00,0.00
9393,1042,2024-11-17 07:18:00,0.01,0.01,10779.00,0.01
9394,6945,2024-11-17 07:18:00,0.01,0.01,15658895.00,0.01
9395,12147,2024-11-17 07:18:00,0.57,0.57,41.30,0.57
9396,5632,2024-11-17 07:18:00,18.33,18.29,188.55,18.30
9397,24478,2024-11-17 07:18:00,0.00,0.00,14162848912.00,0.00
9398,3964,2024-11-17 07:18:00,0.01,0.01,73171.30,0.01
9399,2777,2024-11-17 07:18:00,0.04,0.04,31301.00,0.04
9400,25028,2024-11-17 07:18:00,38.89,38.81,195.74,38.81
9401,1518,2024-11-17 07:18:00,1514.00,1512.00,3.98,1514.00
9402,28933,2024-11-17 07:18:00,0.24,0.24,5632.10,0.24
9403,3155,2024-11-17 07:18:00,83.50,83.30,98.03,83.40
9404,6719,2024-11-17 07:18:00,0.20,0.20,12910.00,0.20
9405,52,2024-11-17 07:18:00,1.08,1.07,929515.00,1.08
9406,131,2024-11-17 07:18:00,29.29,29.17,371.24,29.19
9407,23095,2024-11-17 07:18:00,0.00,0.00,2935036979.00,0.00
9408,33566,2024-11-17 07:18:00,0.63,0.62,158335.20,0.62
9409,20314,2024-11-17 07:18:00,0.46,0.46,77108.30,0.46
9410,21794,2024-11-17 07:18:00,12.33,12.31,1595.28,12.32
9411,2930,2024-11-17 07:18:00,0.01,0.01,287605.00,0.01
9412,9640,2024-11-17 07:18:00,48.12,48.03,145.41,48.12
9413,4279,2024-11-17 07:18:00,0.35,0.35,13559.70,0.35
9414,1720,2024-11-17 07:18:00,0.16,0.16,142.00,0.16
9415,33031,2024-11-17 07:18:00,0.00,0.00,5789670.00,0.00
9416,7226,2024-11-17 07:18:00,26.50,26.43,528.97,26.44
9417,1567,2024-11-17 07:18:00,0.91,0.91,27.09,0.91
9418,1586,2024-11-17 07:18:00,0.62,0.62,173.00,0.62
9419,4846,2024-11-17 07:18:00,0.43,0.43,8670.90,0.43
9420,3814,2024-11-17 07:18:00,0.01,0.01,21559.70,0.01
9421,109,2024-11-17 07:18:00,0.01,0.01,47227.20,0.01
9422,10529,2024-11-17 07:18:00,0.02,0.02,236060.00,0.02
9423,3701,2024-11-17 07:18:00,0.11,0.11,10205.00,0.11
9424,11841,2024-11-17 07:18:00,0.70,0.70,57895.10,0.70
9425,28321,2024-11-17 07:18:00,0.42,0.42,20643.40,0.42
9426,7288,2024-11-17 07:18:00,7.88,7.87,26.49,7.88
9427,30372,2024-11-17 07:18:00,2.02,2.02,1617.30,2.02
9428,4943,2024-11-17 07:18:00,1.00,1.00,5875.00,1.00
9429,11396,2024-11-17 07:18:00,0.40,0.40,137.79,0.40
9430,28846,2024-11-17 07:18:00,0.49,0.49,683.10,0.49
9431,4847,2024-11-17 07:18:00,1.94,1.94,1060.90,1.94
9432,2405,2024-11-17 07:18:00,0.01,0.01,77274.00,0.01
9433,28683,2024-11-17 07:18:00,0.00,0.00,28409830.00,0.00
9434,3978,2024-11-17 07:18:00,0.20,0.20,2363.00,0.20
9435,28752,2024-11-17 07:18:00,3.83,3.82,39335.17,3.83
9436,7083,2024-11-17 07:18:00,9.04,9.03,770.03,9.03
9437,14101,2024-11-17 07:18:00,4.67,4.67,106.00,4.67
9438,28541,2024-11-17 07:18:00,2.93,2.93,874.00,2.93
9439,26998,2024-11-17 07:18:00,0.67,0.67,7837.40,0.67
9440,6536,2024-11-17 07:18:00,3.34,3.32,62506.00,3.34
9441,6836,2024-11-17 07:18:00,0.22,0.21,224843.60,0.21
9442,5370,2024-11-17 07:18:00,0.24,0.24,245.00,0.24
9443,24091,2024-11-17 07:18:00,0.15,0.15,34179.90,0.15
9444,1785,2024-11-17 07:18:00,5.00,4.99,499.10,4.99
9445,1168,2024-11-17 07:18:00,13.70,13.70,0.40,13.70
9446,10603,2024-11-17 07:18:00,1.35,1.35,3816.87,1.35
9447,28850,2024-11-17 07:18:00,0.01,0.01,1353426.00,0.01
9448,1697,2024-11-17 07:18:00,0.21,0.21,3564.00,0.21
9449,1831,2024-11-17 07:18:00,449.40,448.90,39.03,449.00
9450,5690,2024-11-17 07:18:00,7.11,7.09,1933.92,7.09
9451,8104,2024-11-17 07:18:00,0.31,0.31,8713.10,0.31
9452,9308,2024-11-17 07:18:00,2.89,2.88,40.15,2.88
9453,3330,2024-11-17 07:18:00,1.00,1.00,153.00,1.00
9454,6953,2024-11-17 07:18:00,2.29,2.29,521.30,2.29
9455,30494,2024-11-17 07:18:00,2.47,2.47,2291.84,2.47
9456,7978,2024-11-17 07:18:00,0.23,0.23,150751.70,0.23
9457,1,2024-11-17 07:18:00,90435.06,90388.01,16.28,90388.84
9458,6958,2024-11-17 07:18:00,0.02,0.02,77258.00,0.02
9459,4642,2024-11-17 07:18:00,0.09,0.09,238090.00,0.09
9460,28932,2024-11-17 07:18:00,1.64,1.64,277.10,1.64
9461,6892,2024-11-17 07:18:00,31.23,31.17,66.18,31.18
9462,5647,2024-11-17 07:18:00,0.66,0.66,60.30,0.66
9463,3513,2024-11-17 07:18:00,0.76,0.76,15634.00,0.76
9464,4705,2024-11-17 07:18:00,2567.00,2566.00,0.04,2566.00
9465,12220,2024-11-17 07:18:00,0.52,0.51,685.40,0.51
9466,2469,2024-11-17 07:18:00,0.02,0.02,113693.20,0.02
9467,1698,2024-11-17 07:18:00,9.52,9.51,80.05,9.52
9468,2300,2024-11-17 07:18:00,0.04,0.04,16172.00,0.04
9469,7278,2024-11-17 07:18:00,168.59,168.41,92.66,168.45
9470,5426,2024-11-17 07:18:00,237.07,236.80,3171.39,236.82
9471,2011,2024-11-17 07:18:00,0.83,0.83,3262.60,0.83
9472,4558,2024-11-17 07:18:00,0.67,0.67,1340.68,0.67
9473,13855,2024-11-17 07:18:00,18.19,18.16,157.94,18.17
9474,1684,2024-11-17 07:18:00,3.06,3.06,864.50,3.06
9475,3217,2024-11-17 07:18:00,0.34,0.34,1496.00,0.34
9476,1637,2024-11-17 07:18:00,1.80,1.80,24.70,1.80
9477,26680,2024-11-17 07:18:00,0.45,0.44,2147.50,0.44
9478,2416,2024-11-17 07:18:00,1.52,1.52,1874.90,1.52
9479,3945,2024-11-17 07:18:00,0.01,0.01,138011.50,0.01
9480,8119,2024-11-17 07:18:00,0.66,0.66,207.00,0.66
9481,2694,2024-11-17 07:18:00,1.24,1.24,104.26,1.24
9482,6758,2024-11-17 07:18:00,0.79,0.78,686.50,0.78
9483,5692,2024-11-17 07:18:00,52.81,52.78,9.46,52.79
9484,28301,2024-11-17 07:18:00,0.01,0.01,2098478.00,0.01
9485,5805,2024-11-17 07:18:00,36.32,36.24,3317.60,36.27
9486,2299,2024-11-17 07:18:00,0.39,0.39,29.10,0.39
9487,512,2024-11-17 07:18:00,0.20,0.20,429845.00,0.20
9488,3822,2024-11-17 07:18:00,0.07,0.07,28650.00,0.07
9489,32966,2024-11-17 07:18:00,0.43,0.43,1504.70,0.43
9490,10688,2024-11-17 07:18:00,0.54,0.53,2824.70,0.53
9491,20947,2024-11-17 07:18:00,3.65,3.65,15361.60,3.65
9492,25114,2024-11-17 07:18:00,0.36,0.36,85045.80,0.36
9493,29210,2024-11-17 07:18:00,1.26,1.26,92720.00,1.26
9494,4679,2024-11-17 07:18:00,1.35,1.35,37.40,1.35
9495,20362,2024-11-17 07:18:00,0.29,0.29,13499.40,0.29
9496,22861,2024-11-17 07:18:00,5.27,5.26,5285.69,5.26
9497,8916,2024-11-17 07:18:00,9.88,9.83,8295.37,9.84
9498,4066,2024-11-17 07:18:00,0.07,0.07,110771.00,0.07
9499,7334,2024-11-17 07:18:00,0.16,0.16,26583.00,0.16
9500,3012,2024-11-17 07:18:00,0.00,0.00,2632909.00,0.00
9501,5567,2024-11-17 07:18:00,0.66,0.66,4706.30,0.66
9502,10791,2024-11-17 07:18:00,0.00,0.00,36117431.00,0.00
9503,21846,2024-11-17 07:18:00,0.45,0.45,1042.00,0.45
9504,24613,2024-11-17 07:18:00,0.53,0.53,23047.00,0.53
9505,11568,2024-11-17 07:18:00,1.40,1.40,590.20,1.40
9506,1732,2024-11-17 07:18:00,16.39,16.37,105.23,16.37
9507,6783,2024-11-17 07:18:00,5.76,5.74,1033.63,5.75
9508,29073,2024-11-17 07:18:00,0.11,0.11,20767.00,0.11
9509,7653,2024-11-17 07:18:00,0.08,0.08,7861.80,0.08
9510,8290,2024-11-17 07:18:00,1.36,1.36,985.00,1.36
9511,10903,2024-11-17 07:18:00,0.15,0.15,119.50,0.15
9512,11857,2024-11-17 07:18:00,27.98,27.95,0.98,27.95
9513,2132,2024-11-17 07:18:00,0.24,0.24,9406.00,0.24
9514,11419,2024-11-17 07:18:00,5.62,5.62,5917.47,5.62
9515,29814,2024-11-17 07:18:00,1.63,1.62,2845.00,1.62
9516,4030,2024-11-17 07:18:00,0.19,0.19,68332.00,0.19
9517,2280,2024-11-17 07:18:00,4.58,4.57,14837.91,4.57
9518,8000,2024-11-17 07:18:00,1.21,1.21,2038.29,1.21
9519,13502,2024-11-17 07:18:00,2.33,2.33,12147.50,2.33
9520,29335,2024-11-17 07:18:00,0.21,0.21,179004.50,0.21
9521,17751,2024-11-17 07:18:00,0.03,0.03,20435.30,0.03
9522,5824,2024-11-17 07:18:00,0.00,0.00,145571.00,0.00
9523,1455,2024-11-17 07:18:00,0.35,0.35,679.40,0.35
9524,29870,2024-11-17 07:18:00,0.01,0.01,10657109.00,0.01
9525,1772,2024-11-17 07:18:00,0.50,0.49,6593.00,0.49
9526,5964,2024-11-17 07:18:00,0.98,0.98,1085.00,0.98
9527,8536,2024-11-17 07:18:00,2.91,2.91,910.50,2.91
9528,2099,2024-11-17 07:18:00,0.16,0.16,538.80,0.16
9529,3783,2024-11-17 07:18:00,0.03,0.03,14621.80,0.03
9530,7326,2024-11-17 07:18:00,9.16,9.16,3.38,9.16
9531,2586,2024-11-17 07:18:00,1.67,1.67,769.40,1.67
9532,4948,2024-11-17 07:18:00,0.01,0.01,614335.00,0.01
9533,7080,2024-11-17 07:18:00,0.03,0.03,251434.00,0.03
9534,1958,2024-11-17 07:18:00,0.20,0.20,197068.40,0.20
9535,29587,2024-11-17 07:18:00,0.25,0.25,41621.30,0.25
9536,1027,2024-11-17 07:18:00,3124.61,3123.50,116.09,3123.50
9537,1759,2024-11-17 07:18:00,0.04,0.03,72244.00,0.03
9538,6210,2024-11-17 07:18:00,0.36,0.36,199575.00,0.36
9539,5444,2024-11-17 07:18:00,0.15,0.15,5052.00,0.15
9540,7737,2024-11-17 07:18:00,1.77,1.77,458.68,1.77
9541,1934,2024-11-17 07:18:00,0.17,0.17,3716.00,0.17
9542,9040,2024-11-17 07:18:00,0.46,0.46,56.40,0.46
9543,18876,2024-11-17 07:18:00,1.13,1.12,182015.63,1.12
9544,3029,2024-11-17 07:18:00,0.58,0.58,79.62,0.58
9545,3077,2024-11-17 07:18:00,0.03,0.03,159473.40,0.03
9546,3992,2024-11-17 07:18:00,0.10,0.10,446274.00,0.10
9547,6538,2024-11-17 07:18:00,0.33,0.33,26906.50,0.33
9548,11840,2024-11-17 07:18:00,1.76,1.76,7516.58,1.76
9549,30168,2024-11-17 07:18:00,0.05,0.05,6510.00,0.05
9550,23149,2024-11-17 07:18:00,0.52,0.52,25608.90,0.52
9551,29835,2024-11-17 07:18:00,2.42,2.42,1965.40,2.42
9552,28066,2024-11-17 07:18:00,58.22,58.17,25.90,58.19
9553,12999,2024-11-17 07:18:00,19.40,19.38,114.54,19.38
9554,29676,2024-11-17 07:18:00,0.37,0.37,29584.97,0.37
9555,9543,2024-11-17 07:18:00,0.29,0.29,11221.57,0.29
9556,1214,2024-11-17 07:18:00,0.98,0.98,0.00,0.98
9557,32195,2024-11-17 07:18:00,0.00,0.00,1143901.00,0.00
9558,14806,2024-11-17 07:18:00,0.06,0.06,1058069.00,0.06
9559,10804,2024-11-17 07:18:00,0.00,0.00,1333630335.00,0.00
9560,27565,2024-11-17 07:18:00,2.18,2.17,19571.50,2.17
9561,30746,2024-11-17 07:18:00,0.32,0.32,2018.60,0.32
9562,5691,2024-11-17 07:18:00,0.04,0.04,69207.00,0.04
9563,32120,2024-11-17 07:18:00,0.03,0.03,79615.00,0.03
9564,2130,2024-11-17 07:18:00,0.18,0.18,12078.30,0.18
9565,30171,2024-11-17 07:18:00,0.59,0.58,159099.15,0.59
9566,1966,2024-11-17 07:18:00,0.41,0.40,35351.00,0.41
9567,9903,2024-11-17 07:18:00,2.05,2.05,182.66,2.05
9568,22974,2024-11-17 07:18:00,513.50,512.40,118.02,513.10
9569,7455,2024-11-17 07:18:00,0.14,0.14,37470.30,0.14
9570,1975,2024-11-17 07:18:00,14.39,14.37,799.98,14.38
9571,28177,2024-11-17 07:18:00,0.43,0.43,139102.10,0.43
9572,7501,2024-11-17 07:18:00,0.25,0.25,21910.90,0.25
9573,29555,2024-11-17 07:18:00,0.34,0.34,20567.20,0.34
9574,18069,2024-11-17 07:18:00,0.16,0.16,2668.10,0.16
9575,4195,2024-11-17 07:18:00,1.94,1.93,12338.36,1.94
9576,23121,2024-11-17 07:18:00,0.26,0.26,11435.30,0.26
9577,8425,2024-11-17 07:18:00,0.02,0.02,325299.60,0.02
9578,32698,2024-11-17 07:18:00,0.00,0.00,5043834.00,0.00
9579,28324,2024-11-17 07:18:00,1.32,1.32,3706.80,1.32
